{"lang": "en","name": "Prime Stellar Bank","scope": "/","display": "standalone","orientation": "portrait","start_url": "https://clevotrustglobalbn.com/corp/clientarea/auth_login.php","short_name": "Prime Stellar Bank","description": "Prime Stellar Bank","background_color": "#133a69","theme_color": "#133a69","generated": "true","icons": [ { "src": "https://www.clevotrustglobalbn.com/app-assets/icons/icon-72x72.png", "sizes": "72x72", "type": "image/png" }, { "src": "https://www.clevotrustglobalbn.com/app-assets/icons/icon-96x96.png", "sizes": "96x96", "type": "image/png" }, { "src": "https://www.clevotrustglobalbn.com/app-assets/icons/icon-128x128.png", "sizes": "128x128", "type": "image/png" }, { "src": "https://www.clevotrustglobalbn.com/app-assets/icons/icon-144x144.png", "sizes": "144x144", "type": "image/png" }, { "src": "https://www.clevotrustglobalbn.com/app-assets/icons/icon-152x152.png", "sizes": "152x152", "type": "image/png" }, { "src": "https://www.clevotrustglobalbn.com/app-assets/icons/icon-192x192.png", "sizes": "192x192", "type": "image/png" }, { "src": "https://www.clevotrustglobalbn.com/app-assets/icons/icon-384x384.png", "sizes": "384x384", "type": "image/png" }, { "src": "https://www.clevotrustglobalbn.com/app-assets/icons/icon-512x512.png", "sizes": "512x512", "type": "image/png" } ]}